date,place_w,magnitude_w
2026/02/21,Solomon Islands,6.0
2026/02/16,Russia,6.0
2026/02/15,Russia,6.0
2026/02/14,Vanuatu,6.4
2026/02/12,Chile,6.2
2026/02/10,Fiji region,6.2
2026/02/04,New Zealand,6.1
2026/01/29,South Sandwich Islands region,6.0
2026/01/22,Russia,6.2
2026/01/21,Japan region,6.1
2026/01/19,New Caledonia,6.0
2026/01/16,off the coast of Oregon,6.0
2026/01/13,Russia,6.2
2026/01/10,Philippines,6.4
2026/01/07,Philippines,6.4
2026/01/02,Mexico,6.5
2026/01/01,southeast Indian Ridge,6.0
2025/12/31,Japan,6.0
2025/12/28,Peru,6.2
2025/12/27,Taiwan,6.6
2025/12/24,Taiwan Earthquake,6.0
2025/12/22,Papua New Guinea,6.5
2025/12/12,Japan,6.7
2025/12/08,Japan,6.6
2025/12/08,Japan,6.0
2025/12/08,Japan Earthquake,7.6
2025/12/06,2025 Hubbard Glacier Earthquake,7.0
2025/11/27,United States,6.0
2025/11/27,Indonesia,6.4
2025/11/10,Japan,6.0
2025/11/09,Japan,6.4
2025/11/09,Japan,6.8
2025/11/04,Russia,6.0
2025/11/04,United States,6.0
2025/11/03,Russia,6.1
2025/11/02,Afghanistan,6.2
2025/10/28,Banda Sea,6.4
2025/10/27,Guadeloupe,6.5
2025/10/27,Turkey,6.0
2025/10/26,Timor Leste,6.2
2025/10/25,Solomon Islands,6.0
2025/10/16,Philippines,6.0
2025/10/16,Indonesia,6.4
2025/10/16,Drake Passage,6.3
2025/10/11,Philippines,6.0
2025/10/10,Papua New Guinea,6.3
2025/10/10,Philippines,7.4
2025/10/10,Philippines,6.7
2025/10/10,Drake Passage,7.6
2025/10/09,Russia,6.1
2025/10/07,Papua New Guinea,6.6
2025/10/03,Russia,6.1
2025/09/30,Indonesia,6.0
2025/09/30,Philippines,6.9
2025/09/25,Venezuela,6.3
2025/09/24,Venezuela,6.2
2025/09/19,Russia,6.0
2025/09/18,Russia,7.8
2025/09/18,Indonesia,6.0
2025/09/16,Papua New Guinea,6.0
2025/09/15,Russia,6.0
2025/09/13,Russia,7.4
2025/09/08,Vanuatu region,6.4
2025/08/31,Afghanistan,6.0
2025/08/27,Russia,6.0
2025/08/25,east of the Kuril Islands,6.1
2025/08/23,El Salvador,6.0
2025/08/22,2025 Southern Drake Passage Earthquake,7.5
2025/08/14,Solomon Islands,6.3
2025/08/12,Indonesia,6.3
2025/08/10,Turkey,6.1
2025/08/09,Russia,6.0
2025/08/04,Russia,6.2
2025/08/03,Russia,6.8
2025/08/03,Pacific-Antarctic Ridge,6.3
2025/08/02,Russia,6.0
2025/08/01,Russia,6.1
2025/07/31,Russia,6.2
2025/07/30,Russia,6.2
2025/07/30,Russia,6.9
2025/07/30,Russia,6.1
2025/07/30,Russia,6.0
2025/07/29,Russia,6.0
2025/07/29,Russia,6.0
2025/07/29,Russia,6.1
2025/07/29,Russia,6.3
2025/07/29,Russia Earthquake,8.8
2025/07/29,south of the Fiji Islands,6.6
2025/07/28,Macquarie Island region,7.0
2025/07/28,Indonesia,6.4
2025/07/26,Macquarie Island region,6.2
2025/07/25,west of Macquarie Island,6.2
2025/07/24,Russia,6.0
2025/07/24,Wallis and Futuna,6.6
2025/07/23,Indonesia,6.3
2025/07/22,Russia,6.0
2025/07/20,Russia,6.6
2025/07/20,Russia,6.6
2025/07/20,Russia Earthquake,7.4
2025/07/20,Russia,6.5
2025/07/20,United States,6.2
2025/07/16,Alaska Earthquake,7.3
2025/07/14,Panama,6.2
2025/07/14,Indonesia,6.7
2025/07/07,New Zealand,6.2
2025/06/28,Scotia Sea,6.6
2025/06/27,Philippines,6.0
2025/06/25,southern Mid-Atlantic Ridge,6.2
2025/06/24,east of the Philippine Islands,6.2
2025/06/21,Japan,6.0
2025/06/13,Kuril Islands,6.0
2025/06/08,Colombia,6.3
2025/06/07,western Indian-Antarctic Ridge,6.2
2025/06/06,Chile,6.4
2025/05/31,Kermadec Islands region,6.2
2025/05/31,Kermadec Islands region,6.0
2025/05/31,Kermadec Islands region,6.1
2025/05/31,Japan,6.0
2025/05/30,southwest of Africa,6.2
2025/05/25,Tonga,6.0
2025/05/23,west of Macquarie Island,6.1
2025/05/22,Greece,6.2
2025/05/20,Papua New Guinea,6.5
2025/05/14,Tonga,6.4
2025/05/13,Greece,6.0
2025/05/05,southern East Pacific Rise,6.0
2025/05/02,2025 Drake Passage Earthquake,7.4
2025/05/02,Argentina,6.4
2025/04/29,Macquarie Island region,6.8
2025/04/29,New Zealand,6.2
2025/04/25,Ecuador,6.3
2025/04/23,Turkey,6.2
2025/04/22,Philippines,6.2
2025/04/16,southeast Indian Ridge,6.6
2025/04/13,south of the Fiji Islands,6.5
2025/04/12,Papua New Guinea,6.1
2025/04/04,Papua New Guinea,6.9
2025/04/03,Reykjanes Ridge,6.9
2025/04/02,Japan,6.1
2025/04/02,Pacific-Antarctic Ridge,6.3
2025/03/30,Tonga,6.2
2025/03/30,Tonga,7.0
2025/03/28,Burma (Myanmar),6.7
2025/03/28,central Mid-Atlantic Ridge,6.1
2025/03/28,Burma (Myanmar) Earthquake,7.7
2025/03/28,central Mid-Atlantic Ridge,6.6
2025/03/25,New Zealand,6.7
2025/03/21,United States,6.2
2025/03/21,Panama,6.2
2025/03/12,India region,6.0
2025/03/10,Svalbard and Jan Mayen,6.5
2025/03/06,Chile,6.0
2025/02/25,Indonesia,6.1
2025/02/23,Solomon Islands,6.0
2025/02/08,Cayman Islands,7.6
2025/01/20,Taiwan,6.0
2025/01/13,Japan,6.8
2025/01/12,Mexico,6.2
2025/01/07,2025 Southern Tibetan Plateau Earthquake,7.1
2025/01/05,El Salvador,6.2
2025/01/02,Chile,6.1
2025/01/01,South Sandwich Islands region,6.1
2024/12/27,Kuril Islands,6.8
2024/12/21,Vanuatu,6.1
2024/12/17,Vanuatu,7.3
2024/12/13,Chile,6.4
2024/12/09,United States,6.1
2024/12/09,United States,6.3
2024/12/08,United States,6.3
2024/12/08,Kuril Islands,6.0
2024/12/05,California Earthquake,7.0
2024/11/26,Japan,6.1
2024/11/17,Japan,6.1
2024/11/15,Papua New Guinea,6.6
2024/11/10,Cuba,6.8
2024/11/08,Chile,6.3
2024/10/30,United States,6.0
2024/10/30,Papua New Guinea,6.0
2024/10/23,Russia,6.2
2024/10/16,Turkey,6.0
2024/10/12,Costa Rica,6.2
2024/10/01,Tonga,6.6
2024/10/01,Indonesia,6.1
2024/09/26,Mauritius - Reunion region,6.3
2024/09/23,Indonesia,6.0
2024/09/21,Argentina,6.0
2024/09/16,United States,6.3
2024/09/15,Canada,6.5
2024/09/11,Papua New Guinea,6.3
2024/09/05,Papua New Guinea,6.2
2024/09/01,Papua New Guinea,6.4
2024/08/30,Russia,6.0
2024/08/28,El Salvador,6.1
2024/08/25,Tonga,6.0
2024/08/25,Tonga,6.9
2024/08/17,Russia,7.0
2024/08/15,Taiwan,6.1
2024/08/10,Russia,6.5
2024/08/08,Japan Earthquake,7.1
2024/08/03,Philippines,6.3
2024/08/02,Philippines,6.8
2024/07/29,Tonga,6.0
2024/07/22,Vanuatu,6.1
2024/07/21,Guatemala,6.2
2024/07/19,United States,6.0
2024/07/19,Chile,7.4
2024/07/11,Philippines,7.1
2024/07/11,Canada,6.4
2024/07/10,south of Africa,6.6
2024/07/07,Japan region,6.2
2024/06/29,Peru,6.1
2024/06/28,Peru,7.2
2024/06/24,Vanuatu,6.3
2024/06/23,Venezuela,6.0
2024/06/16,Peru,6.0
2024/06/16,west of Macquarie Island,6.0
2024/06/09,Pacific-Antarctic Ridge,6.2
2024/05/31,Kermadec Islands region,6.2
2024/05/31,Prince Edward Islands region,6.2
2024/05/26,Tonga,6.6
2024/05/25,Vanuatu,6.3
2024/05/19,United States,6.0
2024/05/12,Mexico,6.4
2024/05/08,Vanuatu,6.1
2024/05/05,Indonesia,6.1
2024/04/27,Indonesia,6.1
2024/04/27,Japan region,6.5
2024/04/22,Taiwan,6.1
2024/04/22,Taiwan,6.1
2024/04/17,Japan,6.3
2024/04/14,Papua New Guinea,6.5
2024/04/09,Indonesia,6.4
2024/04/05,United States,6.8
2024/04/04,Japan,6.1
2024/04/03,Taiwan,6.4
2024/04/02,United States,6.2
2024/04/02,Taiwan,7.4
2024/03/27,Vanuatu region,6.4
2024/03/23,Papua New Guinea,6.9
2024/03/22,Indonesia,6.4
2024/03/14,northern Mid-Atlantic Ridge,6.2
2024/03/13,Papua New Guinea,6.0
2024/03/08,Philippines,6.0
2024/03/05,Macquarie Island region,6.1
2024/03/03,Macquarie Island region,6.8
2024/02/23,southern East Pacific Rise,6.3
2024/02/14,Micronesia,6.0
2024/02/12,Japan region,6.1
2024/02/09,New Zealand,6.1
2024/01/28,Brazil,6.5
2024/01/27,Guatemala,6.1
2024/01/23,Vanuatu,6.3
2024/01/22,China,7.0
2024/01/20,United States,6.1
2024/01/20,Southwest Indian Ridge,6.2
2024/01/20,Brazil,6.6
2024/01/18,Tonga,6.4
2024/01/11,Afghanistan,6.4
2024/01/08,Philippines,6.7
2024/01/01,Japan,6.2
2024/01/01,Japan Earthquake,7.5
2023/12/30,Indonesia,6.3
2023/12/28,Russia,6.5
2023/12/22,south of Africa,6.1
2023/12/21,United States,6.1
2023/12/20,Peru,6.2
2023/12/11,Tonga,6.2
2023/12/07,Vanuatu,7.1
2023/12/03,Philippines,6.9
2023/12/03,Philippines,6.0
2023/12/03,Philippines,6.6
2023/12/02,Philippines,6.4
2023/12/02,Philippines,7.6
2023/12/02,Philippines,6.3
2023/12/02,Philippines,6.1
2023/12/02,Philippines,6.0
2023/11/27,Papua New Guinea,6.5
2023/11/24,United States,6.9
2023/11/22,Vanuatu,6.7
2023/11/22,Indonesia,6.0
2023/11/17,Philippines,6.7
2023/11/14,South Indian Ocean,6.1
2023/11/13,Papua New Guinea,6.1
2023/11/10,Banda Sea,6.1
2023/11/08,Banda Sea,6.7
2023/11/08,Banda Sea,7.1
2023/11/08,Banda Sea,6.7
2023/11/01,Indonesia,6.1
2023/10/31,Fiji,6.5
2023/10/31,Chile,6.6
2023/10/29,Vanuatu,6.0
2023/10/23,New Zealand,6.0
2023/10/16,United States,6.4
2023/10/15,Afghanistan,6.3
2023/10/11,west of Macquarie Island,6.3
2023/10/11,Afghanistan,6.3
2023/10/10,Argentina,6.0
2023/10/07,Afghanistan,6.3
2023/10/07,Afghanistan,6.3
2023/10/07,Papua New Guinea,6.7
2023/10/07,Papua New Guinea,6.9
2023/10/06,Japan region,6.1
2023/10/05,Japan region,6.1
2023/10/04,Philippines,6.4
2023/10/03,Japan region,6.0
2023/09/28,Vanuatu,6.1
2023/09/21,Vanuatu,6.1
2023/09/18,Japan,6.3
2023/09/13,West Chile Rise,6.1
2023/09/12,Philippines,6.2
2023/09/11,Indonesia,6.0
2023/09/09,Indonesia,6.0
2023/09/08,Morocco,6.8
2023/09/08,south of the Kermadec Islands,6.6
2023/09/06,Chile,6.3
2023/09/01,Russia,6.1
2023/08/28,Indonesia,7.1
2023/08/23,Argentina,6.2
2023/08/17,Colombia,6.1
2023/08/17,central Mid-Atlantic Ridge,6.0
2023/08/16,Vanuatu,6.5
2023/08/14,Mariana Islands region,6.1
2023/08/14,Prince Edward Islands region,6.0
2023/08/08,Tonga,6.1
2023/08/05,Argentina,6.2
2023/07/26,Vanuatu,6.4
2023/07/24,Fiji,6.0
2023/07/19,El Salvador,6.5
2023/07/17,Argentina,6.6
2023/07/16,Alaska Earthquake,7.2
2023/07/14,Mexico,6.3
2023/07/10,Antigua and Barbuda,6.6
2023/07/02,Tonga,6.9
2023/06/25,south of Tonga,6.2
2023/06/19,Papua New Guinea,6.2
2023/06/18,south of Africa,6.0
2023/06/18,Gulf of California,6.4
2023/06/17,Tonga,6.1
2023/06/16,Tonga,6.2
2023/06/16,Tonga,6.0
2023/06/15,Tonga,7.2
2023/06/15,Philippines,6.2
2023/06/11,Japan,6.2
2023/05/31,New Zealand region,6.3
2023/05/27,Tonga,6.0
2023/05/26,West Chile Rise,6.0
2023/05/26,Japan,6.1
2023/05/25,Panama,6.5
2023/05/24,Banda Sea,6.2
2023/05/23,New Caledonia,6.1
2023/05/21,Solomon Islands,6.1
2023/05/21,Prince Edward Islands region,6.8
2023/05/20,southeast of the Loyalty Islands,6.5
2023/05/20,southeast of the Loyalty Islands,7.1
2023/05/19,southeast of the Loyalty Islands,7.7
2023/05/17,Guatemala,6.4
2023/05/10,Tonga,7.6
2023/05/05,Japan,6.2
2023/04/28,south of the Fiji Islands,6.6
2023/04/28,south of the Fiji Islands,6.0
2023/04/24,New Zealand,7.1
2023/04/24,Indonesia,7.1
2023/04/22,Banda Sea,6.2
2023/04/19,Papua New Guinea,6.3
2023/04/18,south of the Fiji Islands,6.7
2023/04/14,Indonesia,7.0
2023/04/13,Canada,6.0
2023/04/04,Panama,6.3
2023/04/04,Philippines,6.2
2023/04/03,Russia,6.5
2023/04/03,Indonesia,6.1
2023/04/02,Papua New Guinea,7.0
2023/03/30,Chile,6.3
2023/03/28,Japan region,6.0
2023/03/27,Solomon Islands,6.2
2023/03/22,Argentina,6.4
2023/03/21,Afghanistan,6.5
2023/03/18,Ecuador,6.8
2023/03/16,Kermadec Islands region,7.0
2023/03/14,Papua New Guinea,6.3
2023/03/04,New Zealand,6.9
2023/03/02,Vanuatu,6.5
2023/03/01,Papua New Guinea,6.6
2023/02/25,Papua New Guinea,6.2
2023/02/25,Japan region,6.0
2023/02/23,Indonesia,6.3
2023/02/23,Tajikistan,6.9
2023/02/20,Turkey,6.3
2023/02/17,Indonesia,6.1
2023/02/15,Philippines,6.1
2023/02/13,New Zealand,6.1
2023/02/06,Turkey,6.0
2023/02/06,Turkey,6.0
2023/02/06,Kahramanmaras earthquake sequence,7.5
2023/02/06,Turkey,6.7
2023/02/06,Kahramanmaras earthquake sequence,7.8
2023/02/01,Philippines,6.0
2023/01/26,New Zealand,6.0
2023/01/24,Argentina,6.4
2023/01/20,Argentina,6.8
2023/01/20,Guadeloupe,6.1
2023/01/18,Indonesia,7.0
2023/01/18,Indonesia,6.0
2023/01/16,Japan region,6.3
2023/01/15,Indonesia,6.1
2023/01/09,Indonesia,7.6
2023/01/08,Vanuatu,7.0
2023/01/05,Afghanistan,6.0
2022/12/28,Vanuatu,6.1
2022/12/20,CA,6.4
2022/12/14,United States,6.3
2022/12/11,Mexico,6.0
2022/12/04,Tonga,6.8
2022/11/23,Turkey,6.1
2022/11/22,Solomon Islands,7.0
2022/11/22,Solomon Islands,6.0
2022/11/22,Mexico,6.2
2022/11/18,Indonesia,6.9
2022/11/14,Japan,6.1
2022/11/14,south of the Fiji Islands,6.1
2022/11/13,Chile,6.2
2022/11/12,Fiji region,7.0
2022/11/11,Tonga,7.3
2022/11/09,south of the Fiji Islands,6.8
2022/11/09,south of the Fiji Islands,7.0
2022/11/09,south of the Fiji Islands,6.6
2022/11/04,Mexico,6.1
2022/11/02,South Sandwich Islands region,6.1
2022/11/02,North Pacific Ocean,6.0
2022/10/25,Philippines,6.4
2022/10/25,South Sandwich Islands region,6.3
2022/10/20,Panama,6.7
2022/10/16,off the coast of Central America,6.3
2022/10/13,Papua New Guinea,6.4
2022/10/09,central Mid-Atlantic Ridge,6.2
2022/10/01,Reykjanes Ridge,6.0
2022/09/29,east of the South Sandwich Islands,6.5
2022/09/23,Chile,6.1
2022/09/23,Indonesia,6.2
2022/09/22,Mexico,6.8
2022/09/20,Russia,6.0
2022/09/19,Mexico,7.6
2022/09/18,Taiwan,6.9
2022/09/17,Taiwan,6.5
2022/09/14,Vanuatu,7.0
2022/09/10,Papua New Guinea,7.6
2022/09/10,Indonesia,6.0
2022/09/10,Indonesia,6.2
2022/09/09,Indonesia,6.2
2022/09/05,China,6.6
2022/09/04,southern East Pacific Rise,6.2
2022/09/04,central Mid-Atlantic Ridge,6.9
2022/09/02,Papua New Guinea,6.1
2022/08/30,Pacific-Antarctic Ridge,6.3
2022/08/29,Indonesia,6.2
2022/08/23,Indonesia,6.2
2022/08/14,southeast of the Loyalty Islands,6.4
2022/08/14,south of the Kermadec Islands,6.6
2022/07/28,Chile,6.1
2022/07/27,Chile,6.2
2022/07/27,Philippines,7.0
2022/07/15,Chile,6.4
2022/07/12,Easter Island region,6.8
2022/07/11,Vanuatu,6.0
2022/07/01,Iran,6.0
2022/07/01,Iran,6.0
2022/06/30,Philippines,6.0
2022/06/21,Afghanistan,6.0
2022/06/08,Brazil,6.5
2022/06/04,Tonga,6.3
2022/06/04,United States,6.3
2022/06/04,west of Macquarie Island,6.4
2022/05/27,Timor Leste,6.2
2022/05/26,southern East Pacific Rise,6.2
2022/05/26,southeast of the Loyalty Islands,6.6
2022/05/26,Peru,7.2
2022/05/22,Japan,6.0
2022/05/22,south of the Fiji Islands,6.3
2022/05/21,Philippines,6.1
2022/05/19,Macquarie Island region,6.9
2022/05/10,Argentina,6.8
2022/05/09,Papua New Guinea,6.3
2022/05/09,Japan,6.2
2022/05/05,Philippines,6.0
2022/04/28,Papua New Guinea,6.1
2022/04/21,Nicaragua,6.6
2022/04/20,Philippines,6.0
2022/04/19,Philippines,6.1
2022/04/17,Vanuatu,6.1
2022/04/13,Papua New Guinea,6.1
2022/04/09,Vanuatu,6.3
2022/04/04,Vanuatu,6.0
2022/03/31,southeast of the Loyalty Islands,6.4
2022/03/31,southeast of the Loyalty Islands,7.0
2022/03/30,New Caledonia,6.9
2022/03/23,Vanuatu,6.0
2022/03/22,Taiwan,6.7
2022/03/22,northern Mid-Atlantic Ridge,6.7
2022/03/20,Kermadec Islands region,6.0
2022/03/19,south of the Fiji Islands,6.3
2022/03/16,Japan,7.3
2022/03/16,Japan,6.0
2022/03/13,Indonesia,6.7
2022/03/13,Philippines,6.4
2022/03/07,Fiji region,6.1
2022/03/06,South Sandwich Islands region,6.0
2022/03/02,New Zealand,6.6
2022/02/25,Indonesia,6.1
2022/02/22,Argentina,6.0
2022/02/21,Balleny Islands region,6.3
2022/02/16,south of the Fiji Islands,6.8
2022/02/16,Guatemala,6.2
2022/02/13,United States,6.0
2022/02/08,central Mid-Atlantic Ridge,6.2
2022/02/04,southeast Indian Ridge,6.3
2022/02/03,Peru,6.5
2022/02/01,Timor Leste,6.0
2022/01/29,Kermadec Islands region,6.5
2022/01/28,Panama,6.0
2022/01/27,Tonga,6.2
2022/01/25,South Sandwich Islands region,6.0
2022/01/22,United States,6.2
2022/01/22,Philippines,6.0
2022/01/21,Japan,6.3
2022/01/16,Papua New Guinea,6.1
2022/01/14,Indonesia,6.6
2022/01/11,United States,6.6
2022/01/11,United States,6.8
2022/01/11,Cyprus,6.6
2022/01/10,south of the Kermadec Islands,6.2
2022/01/07,China,6.6
2022/01/06,near the coast of Nicaragua,6.1
2022/01/04,Indonesia,6.0
2022/01/03,Taiwan,6.2
2022/01/03,Vanuatu,6.0
2021/12/29,Timor Leste,7.3
2021/12/26,Fiji,6.1
2021/12/22,Mexico,6.0
2021/12/20,CA,6.2
2021/12/19,Fiji,6.2
2021/12/18,Prince Edward Islands region,6.0
2021/12/16,South Sandwich Islands region,6.0
2021/12/14,Flores Sea,7.3
2021/12/12,west of Macquarie Island,6.6
2021/12/09,Japan,6.0
2021/12/04,Indonesia,6.0
2021/12/03,South Sandwich Islands region,6.0
2021/12/03,Chile,6.1
2021/11/30,Papua New Guinea,6.1
2021/11/30,Papua New Guinea,6.3
2021/11/29,Japan region,6.3
2021/11/28,Peru,7.5
2021/11/25,Myanmar,6.2
2021/11/25,Solomon Islands,6.1
2021/11/18,Papua New Guinea,6.2
2021/11/15,South Indian Ocean,6.0
2021/11/14,Iran,6.4
2021/11/14,Iran,6.0
2021/11/10,Japan,6.6
2021/11/10,Indonesia,6.0
2021/11/09,Nicaragua,6.3
2021/11/06,Indonesia,6.0
2021/11/01,Indonesia,6.0
2021/11/01,South Sandwich Islands region,6.0
2021/10/24,Taiwan,6.2
2021/10/21,south of the Fiji Islands,6.1
2021/10/18,Vanuatu,6.2
2021/10/15,Solomon Islands,6.4
2021/10/12,Greece,6.4
2021/10/11,United States,6.9
2021/10/10,United States,6.21
2021/10/09,Vanuatu region,6.9
2021/10/04,South Sandwich Islands region,6.2
2021/10/02,Mid-Indian Ridge,6.0
2021/10/02,Vanuatu region,7.3
2021/09/29,Japan,6.1
2021/09/27,Greece,6.0
2021/09/24,United States,6.1
2021/09/22,Nicaragua,6.5
2021/09/21,Chile,6.4
2021/09/20,Kuril Islands,6.1
2021/09/13,Argentina,6.2
2021/09/08,Mexico,7.0
2021/09/07,Tonga,6.0
2021/08/31,New Zealand,6.4
2021/08/24,Russia,6.0
2021/08/22,South Sandwich Islands region,7.1
2021/08/22,South Sandwich Islands region,6.6
2021/08/18,South Sandwich Islands region,6.0
2021/08/18,Vanuatu,6.9
2021/08/17,South Sandwich Islands region,6.1
2021/08/16,South Sandwich Islands region,6.9
2021/08/14,Haiti,7.2
2021/08/14,United States,6.9
2021/08/13,South Sandwich Islands region,6.1
2021/08/12,South Sandwich Islands region,6.0
2021/08/12,South Sandwich Islands region,6.1
2021/08/12,South Sandwich Islands region,6.7
2021/08/12,2021 South Sandwich Islands Earthquake,8.1
2021/08/12,South Sandwich Islands region,7.5
2021/08/11,Philippines,7.1
2021/08/03,India region,6.1
2021/08/02,Indonesia,6.0
2021/07/30,Peru,6.2
2021/07/29,Alaska Earthquake,8.2
2021/07/26,Indonesia,6.3
2021/07/24,Kermadec Islands region,6.1
2021/07/23,Philippines,6.7
2021/07/21,Panama,6.7
2021/07/21,Papua New Guinea,6.0
2021/07/17,Panama,6.1
2021/07/10,Indonesia,6.1
2021/07/08,CA,6.0
2021/07/04,Chile,6.0
2021/07/02,Fiji region,6.1
2021/06/20,New Zealand,6.5
2021/06/03,Indonesia,6.2
2021/05/31,United States,6.1
2021/05/21,Wallis and Futuna,6.5
2021/05/21,China,7.3
2021/05/21,China,6.1
2021/05/19,southern East Pacific Rise,6.7
2021/05/14,Indonesia,6.7
2021/05/13,Japan,6.0
2021/05/13,Panama,6.1
2021/05/12,Mauritius - Reunion region,6.7
2021/05/12,El Salvador,6.0
2021/05/07,Fiji region,6.1
2021/05/07,west of Macquarie Island,6.1
2021/05/01,Japan,6.9
2021/04/29,Kermadec Islands region,6.1
2021/04/28,India,6.0
2021/04/27,Papua New Guinea,6.1
2021/04/25,Tonga,6.5
2021/04/24,Tonga,6.5
2021/04/19,Indonesia,6.1
2021/04/10,Papua New Guinea,6.0
2021/04/10,Philippines,6.1
2021/04/10,Indonesia,6.0
2021/04/07,Kermadec Islands region,6.1
2021/04/05,New Zealand,6.1
2021/04/03,east of the South Sandwich Islands,6.6
2021/04/01,Fiji region,6.0
2021/04/01,New Zealand,6.4
2021/03/20,Japan,7.0
2021/03/20,west of Macquarie Island,6.0
2021/03/18,Algeria,6.0
2021/03/16,Russia,6.6
2021/03/14,South Sandwich Islands region,6.0
2021/03/06,Kermadec Islands region,6.1
2021/03/06,Kermadec Islands region,6.2
2021/03/06,Kermadec Islands region,6.1
2021/03/06,New Zealand,6.3
2021/03/06,Kermadec Islands region,6.2
2021/03/05,Kermadec Islands region,6.2
2021/03/05,Kermadec Islands region,6.0
2021/03/05,Kermadec Islands region,6.3
2021/03/04,New Zealand,7.4
2021/03/04,New Zealand,7.3
2021/03/04,Vanuatu,6.1
2021/03/04,Kermadec Islands region,6.5
2021/03/04,New Zealand Earthquake,8.1
2021/03/04,Kermadec Islands region,6.1
2021/03/03,Greece,6.3
2021/02/18,Wallis and Futuna,6.1
2021/02/18,Vanuatu,6.2
2021/02/17,southeast of the Loyalty Islands,6.1
2021/02/16,Vanuatu,6.2
2021/02/13,Japan,7.1
2021/02/11,southeast of the Loyalty Islands,6.0
2021/02/10,southeast of the Loyalty Islands,7.7
2021/02/10,southeast of the Loyalty Islands,6.1
2021/02/10,southeast of the Loyalty Islands,6.1
2021/02/10,Indonesia,6.3
2021/02/10,southeast of the Loyalty Islands,6.1
2021/02/10,southeast of the Loyalty Islands,6.1
2021/02/10,southeast of the Loyalty Islands,6.3
2021/02/07,Papua New Guinea,6.3
2021/02/07,Philippines,6.0
2021/02/03,West Chile Rise,6.7
2021/01/23,South Shetland Islands,6.9
2021/01/21,Philippines,7.0
2021/01/19,Argentina,6.4
2021/01/14,Indonesia,6.2
2021/01/11,Mongolia,6.7
2021/01/10,Vanuatu,6.1
2021/01/10,Argentina,6.1
2021/01/08,Vanuatu,6.1
2021/01/08,New Zealand,6.3
2021/01/06,Indonesia,6.1
2021/01/06,Kermadec Islands region,6.2
2021/01/03,United States,6.1
2020/12/29,Croatia,6.4
2020/12/27,Chile,6.7
2020/12/24,Philippines,6.3
2020/12/23,Palau,6.1
2020/12/20,Japan,6.3
2020/12/15,Philippines,6.1
2020/12/14,Chile,6.0
2020/12/10,Taiwan,6.1
2020/12/06,Chile,6.1
2020/12/01,United States,6.4
2020/12/01,Balleny Islands region,6.0
2020/11/30,Argentina,6.3
2020/11/30,Russia,6.4
2020/11/22,Chile,6.1
2020/11/17,Indonesia,6.0
2020/11/15,Philippines,6.0
2020/11/11,Tonga,6.0
2020/11/07,Tonga,6.2
2020/11/03,Chile,6.0
2020/10/30,Greece,7.0
2020/10/23,south of the Fiji Islands,6.1
2020/10/19,Alaska Earthquake,7.6
2020/10/08,Papua New Guinea,6.3
2020/10/01,Papua New Guinea,6.1
2020/10/01,Tonga,6.4
2020/09/26,south of Africa,6.1
2020/09/18,central Mid-Atlantic Ridge,6.9
2020/09/15,Russia,6.4
2020/09/12,Japan,6.1
2020/09/11,Chile,6.2
2020/09/07,Vanuatu,6.2
2020/09/06,Philippines,6.3
2020/09/06,central Mid-Atlantic Ridge,6.7
2020/09/06,Vanuatu,6.2
2020/09/06,Chile,6.3
2020/09/01,Chile,6.5
2020/09/01,Chile,6.3
2020/09/01,Chile,6.8
2020/08/31,Chagos Archipelago region,6.1
2020/08/30,central Mid-Atlantic Ridge,6.5
2020/08/25,Papua New Guinea,6.2
2020/08/25,Papua New Guinea,6.0
2020/08/24,Costa Rica,6.0
2020/08/21,Indonesia,6.9
2020/08/18,Indonesia,6.9
2020/08/18,Indonesia,6.8
2020/08/18,Philippines,6.6
2020/08/12,Tanzania,6.0
2020/08/06,Prince Edward Islands region,6.3
2020/08/05,Vanuatu,6.4
2020/08/01,Papua New Guinea,6.1
2020/08/01,Philippines,6.4
2020/07/28,United States,6.1
2020/07/26,South Sandwich Islands region,6.4
2020/07/22,United States,6.1
2020/07/22,Alaska Earthquake,7.8
2020/07/22,western Xizang,6.3
2020/07/21,Fiji region,6.0
2020/07/18,Tonga,6.1
2020/07/17,India,6.1
2020/07/17,Papua New Guinea,7.0
2020/07/06,Java Sea,6.6
2020/07/06,Micronesia,6.2
2020/06/25,China,6.3
2020/06/23,Indonesia,6.0
2020/06/23,Mexico,7.4
2020/06/21,Iceland,6.0
2020/06/18,south of the Kermadec Islands,7.4
2020/06/13,United States,6.2
2020/06/13,Japan,6.6
2020/06/10,southern Mid-Atlantic Ridge,6.0
2020/06/04,Indonesia,6.4
2020/06/03,south of the Fiji Islands,6.0
2020/06/03,Chile,6.8
2020/05/31,Peru,6.1
2020/05/28,Tonga,6.0
2020/05/27,Vanuatu,6.2
2020/05/22,Mexico,6.1
2020/05/15,NV Earthquake,6.5
2020/05/12,Solomon Islands,6.6
2020/05/07,Papua New Guinea,6.1
2020/05/06,Banda Sea,6.8
2020/05/02,Greece,6.5
2020/04/25,Papua New Guinea,6.1
2020/04/19,Japan,6.3
2020/04/18,Japan region,6.6
2020/04/16,Honduras,6.1
2020/04/14,Kermadec Islands region,6.0
2020/04/12,Mid-Indian Ridge,6.1
2020/04/05,Indonesia,6.0
2020/03/31,United States,6.5
2020/03/26,Philippines,6.1
2020/03/25,Russia,7.5
2020/03/22,central East Pacific Rise,6.1
2020/03/18,Indonesia,6.2
2020/03/18,Vanuatu,6.1
2020/03/17,Tonga,6.0
2020/03/14,Kermadec Islands region,6.4
2020/03/06,Southwest Indian Ridge,6.0
2020/02/26,Indonesia,6.0
2020/02/23,Turkey,6.0
2020/02/13,Russia,7.0
2020/02/09,Papua New Guinea,6.1
2020/02/08,South Sandwich Islands region,6.0
2020/02/06,Philippines,6.0
2020/02/05,Indonesia,6.2
2020/01/29,Solomon Islands,6.0
2020/01/28,Cayman Islands,6.1
2020/01/28,Jamaica,7.7
2020/01/27,Solomon Islands,6.3
2020/01/26,United States,6.1
2020/01/24,Turkey,6.7
2020/01/23,United States,6.2
2020/01/20,South Sandwich Islands region,6.1
2020/01/19,Indonesia,6.1
2020/01/19,China,6.0
2020/01/18,Indonesia,6.0
2020/01/09,Russia,6.4
2020/01/07,Indonesia,6.3
2020/01/07,Papua New Guinea,6.0
2020/01/07,United States,6.4
2019/12/25,southern East Pacific Rise,6.1
2019/12/25,Canada,6.3
2019/12/24,Colombia,6.0
2019/12/24,Argentina,6.0
2019/12/23,Canada,6.0
2019/12/23,Canada,6.0
2019/12/20,Afghanistan,6.1
2019/12/15,Philippines,6.8
2019/12/14,Vanuatu,6.0
2019/12/06,Tonga,6.0
2019/12/04,Vanuatu,6.0
2019/12/03,Chile,6.0
2019/12/02,United States,6.0
2019/11/27,Greece,6.0
2019/11/26,Albania,6.4
2019/11/24,United States,6.3
2019/11/23,Palau,6.2
2019/11/20,Laos,6.2
2019/11/20,Russia,6.3
2019/11/20,Mexico,6.3
2019/11/14,Indonesia,6.0
2019/11/14,Indonesia,7.1
2019/11/11,Tonga,6.2
2019/11/08,Fiji region,6.5
2019/11/06,Vanuatu,6.0
2019/11/05,Vanuatu,6.0
2019/11/05,east of the South Sandwich Islands,6.3
2019/11/04,Tonga,6.6
2019/11/04,Chile,6.1
2019/11/02,South Sandwich Islands region,6.1
2019/10/31,Philippines,6.5
2019/10/29,Philippines,6.6
2019/10/23,north of Ascension Island,6.3
2019/10/21,Vanuatu,6.4
2019/10/16,Philippines,6.4
2019/10/01,southern East Pacific Rise,6.0
2019/09/29,Chile,6.7
2019/09/29,Philippines,6.2
2019/09/27,New Zealand,6.1
2019/09/26,Argentina,6.1
2019/09/25,Indonesia,6.5
2019/09/24,United States,6.0
2019/09/24,Southwest Indian Ridge,6.0
2019/09/19,Indonesia,6.1
2019/09/01,Fiji region,6.6
2019/08/29,United States,6.3
2019/08/27,South Sandwich Islands region,6.6
2019/08/24,Vanuatu,6.0
2019/08/21,western Indian-Antarctic Ridge,6.0
2019/08/20,Santa Cruz Islands,6.0
2019/08/04,Japan,6.3
2019/08/02,southern East Pacific Rise,6.0
2019/08/02,Indonesia,6.9
2019/08/01,Chile,6.8
2019/07/31,Vanuatu,6.6
2019/07/27,Japan,6.3
2019/07/26,Philippines,6.0
2019/07/23,Balleny Islands region,6.0
2019/07/15,Papua New Guinea,6.3
2019/07/14,Indonesia,7.2
2019/07/14,Australia,6.6
2019/07/13,Japan,6.1
2019/07/11,Papua New Guinea,6.0
2019/07/07,Indonesia,6.9
2019/07/06,Ridgecrest Earthquake Sequence,7.1
2019/07/04,Ridgecrest Earthquake Sequence,6.4
2019/07/04,Canada,6.2
2019/07/01,Vanuatu,6.0
2019/06/28,United States,6.4
2019/06/27,Kermadec Islands region,6.3
2019/06/26,Russia,6.3
2019/06/26,Panama,6.2
2019/06/25,Russia,6.4
2019/06/24,Banda Sea,7.3
2019/06/24,Indonesia,6.1
2019/06/21,New Zealand,6.2
2019/06/19,Indonesia,6.3
2019/06/19,New Zealand,6.4
2019/06/18,Japan,6.4
2019/06/17,New Zealand,6.1
2019/06/16,Kermadec Islands region,6.3
2019/06/15,New Zealand,7.3
2019/06/15,Tonga,6.1
2019/06/14,Chile,6.4
2019/06/04,Japan region,6.4
2019/06/02,Tonga,6.0
2019/05/31,Philippines,6.1
2019/05/30,El Salvador,6.6
2019/05/30,Tonga,6.0
2019/05/26,Peru,8.0
2019/05/23,United States,6.0
2019/05/19,New Caledonia,6.3
2019/05/19,New Caledonia,6.0
2019/05/19,New Caledonia,6.3
2019/05/14,Papua New Guinea,7.6
2019/05/12,Panama,6.0
2019/05/09,Japan,6.2
2019/05/06,Papua New Guinea,7.1
2019/05/03,Solomon Islands,6.2
2019/04/29,Carlsberg Ridge,6.3
2019/04/23,south of the Fiji Islands,6.0
2019/04/23,Philippines,6.4
2019/04/22,South Sandwich Islands region,6.0
2019/04/22,Philippines,6.1
2019/04/18,Taiwan,6.1
2019/04/18,western Indian-Antarctic Ridge,6.3
2019/04/12,Papua New Guinea,6.0
2019/04/12,Tonga,6.0
2019/04/12,Indonesia,6.8
2019/04/11,Japan,6.0
2019/04/09,South Sandwich Islands region,6.5
2019/04/06,Timor Leste,6.3
2019/04/05,South Sandwich Islands region,6.4
2019/04/02,United States,6.4
2019/04/01,Mauritius,6.0
2019/03/31,Ecuador,6.2
2019/03/30,Papua New Guinea,6.2
2019/03/28,Russia,6.2
2019/03/24,Indonesia,6.1
2019/03/23,Colombia,6.1
2019/03/20,Vanuatu,6.3
2019/03/15,Bolivia,6.3
2019/03/10,Fiji,6.2
2019/03/10,Papua New Guinea,6.0
2019/03/08,Philippines,6.0
2019/03/06,south of the Kermadec Islands,6.4
2019/03/01,Peru,7.0
2019/02/22,Ecuador,7.5
2019/02/17,Papua New Guinea,6.4
2019/02/14,northern Mid-Atlantic Ridge,6.2
2019/02/12,United States,6.0
2019/02/02,Indonesia,6.0
2019/02/01,Mexico,6.7
2019/01/26,Fiji region,6.2
2019/01/26,Papua New Guinea,6.2
2019/01/22,Prince Edward Islands region,6.7
2019/01/22,Indonesia,6.3
2019/01/21,Indonesia,6.0
2019/01/20,Chile,6.7
2019/01/18,Vanuatu,6.0
2019/01/17,Papua New Guinea,6.2
2019/01/15,Vanuatu,6.6
2019/01/08,Japan,6.3
2019/01/06,Molucca Sea,6.6
2019/01/05,Brazil,6.8
2018/12/31,United States,6.0
2018/12/29,Philippines,7.0
2018/12/24,Russia,6.1
2018/12/23,Tonga,6.4
2018/12/22,Vanuatu,6.0
2018/12/20,Russia,7.3
2018/12/19,southeast of Easter Island,6.3
2018/12/16,Indonesia,6.1
2018/12/12,Pacific-Antarctic Ridge,6.3
2018/12/11,South Sandwich Islands region,7.1
2018/12/05,New Caledonia,6.6
2018/12/05,New Caledonia,7.5
2018/12/05,New Caledonia,6.3
2018/12/01,Timor Leste,6.4
2018/11/30,United States,7.1
2018/11/25,Iran,6.3
2018/11/25,Colombia,6.0
2018/11/18,Fiji,6.8
2018/11/16,Solomon Islands,6.2
2018/11/15,southern East Pacific Rise,6.3
2018/11/15,South Sandwich Islands region,6.4
2018/11/14,Russia,6.1
2018/11/11,North Atlantic Ocean,6.3
2018/11/10,Tonga,6.1
2018/11/09,Svalbard and Jan Mayen,6.7
2018/11/04,Philippines,6.0
2018/11/02,Russia,6.0
2018/11/01,Chile,6.2
2018/10/30,New Zealand,6.1
2018/10/29,Drake Passage,6.3
2018/10/28,El Salvador,6.1
2018/10/25,Greece,6.8
2018/10/22,Canada,6.5
2018/10/22,Canada,6.5
2018/10/22,Canada,6.8
2018/10/16,New Caledonia,6.5
2018/10/16,New Caledonia,6.3
2018/10/13,Russia,6.7
2018/10/10,Russia,6.5
2018/10/10,Papua New Guinea,6.2
2018/10/10,Papua New Guinea,7.0
2018/10/10,Papua New Guinea,6.1
2018/10/10,Indonesia,6.0
2018/10/09,Russia,6.1
2018/10/01,Indonesia,6.0
2018/09/30,Fiji,6.7
2018/09/28,Indonesia,7.5
2018/09/28,Indonesia,6.1
2018/09/18,Southwest Indian Ridge,6.0
2018/09/16,south of the Fiji Islands,6.5
2018/09/10,Kermadec Islands region,6.9
2018/09/10,New Caledonia,6.3
2018/09/09,Solomon Islands,6.5
2018/09/08,Philippines,6.2
2018/09/07,Ecuador,6.2
2018/09/06,Fiji,7.9
2018/09/05,Japan,6.6
2018/08/29,New Caledonia,7.1
2018/08/28,United States,6.4
2018/08/28,Indonesia,6.2
2018/08/25,Iran,6.0
2018/08/24,Peru,7.1
2018/08/23,United States,6.3
2018/08/22,United States,6.2
2018/08/21,Vanuatu,6.5
2018/08/21,Venezuela,7.3
2018/08/19,Indonesia,6.3
2018/08/19,2018 Fiji Earthquake,8.2
2018/08/19,Fiji region,6.3
2018/08/19,Fiji,6.4
2018/08/19,Indonesia,6.9
2018/08/17,Costa Rica,6.1
2018/08/17,Indonesia,6.5
2018/08/16,Japan region,6.3
2018/08/15,United States,6.5
2018/08/14,South Sandwich Islands region,6.1
2018/08/12,United States,6.0
2018/08/12,United States,6.4
2018/08/10,Russia,6.0
2018/08/05,Indonesia,6.9
2018/07/28,Indonesia,6.4
2018/07/28,Indonesia,6.0
2018/07/23,central Mid-Atlantic Ridge,6.0
2018/07/19,Papua New Guinea,6.0
2018/07/17,Solomon Islands,6.0
2018/07/15,Yemen,6.0
2018/07/15,Yemen,6.0
2018/07/13,Vanuatu,6.4
2018/07/07,New Zealand,6.0
2018/07/06,Russia,6.1
2018/06/21,Vanuatu,6.1
2018/05/18,south of the Kermadec Islands,6.1
2018/05/09,Tajikistan,6.2
2018/05/09,Papua New Guinea,6.0
2018/05/05,Philippines,6.1
2018/05/04,United States,6.9
2018/05/02,Easter Island region,6.0
2018/04/19,Prince Edward Islands region,6.0
2018/04/15,Indonesia,6.0
2018/04/10,Chile,6.2
2018/04/07,Papua New Guinea,6.3
2018/04/05,Philippines,6.0
2018/04/02,Bolivia,6.8
2018/04/02,south of the Fiji Islands,6.1
2018/03/29,Papua New Guinea,6.9
2018/03/26,Papua New Guinea,6.7
2018/03/25,Banda Sea,6.4
2018/03/24,Papua New Guinea,6.3
2018/03/24,southeast Indian Ridge,6.0
2018/03/08,Papua New Guinea,6.8
2018/03/06,Papua New Guinea,6.7
2018/03/04,Papua New Guinea,6.0
2018/02/28,Papua New Guinea,6.1
2018/02/27,west of Macquarie Island,6.1
2018/02/26,Indonesia,6.1
2018/02/26,Papua New Guinea,6.3
2018/02/25,Papua New Guinea,7.5
2018/02/16,Mexico,7.2
2018/02/11,United States,6.0
2018/02/09,Fiji,6.0
2018/02/06,Taiwan,6.4
2018/02/04,Taiwan,6.1
2018/02/01,Wallis and Futuna,6.0
2018/01/31,Afghanistan,6.2
2018/01/28,southwest of Africa,6.6
2018/01/26,Papua New Guinea,6.3
2018/01/25,Russia,6.2
2018/01/24,Japan,6.3
2018/01/23,United States,7.9
2018/01/21,Chile,6.3
2018/01/19,Mexico,6.3
2018/01/14,Peru,7.1
2018/01/11,Myanmar,6.0
2018/01/10,Honduras,7.5
2017/12/15,Indonesia,6.5
2017/12/13,Bouvet Island region,6.5
2017/12/12,Iran,6.0
2017/12/12,Iran,6.0
2017/12/09,Micronesia,6.1
2017/12/08,Micronesia,6.3
2017/12/08,Micronesia,6.4
2017/12/03,Ecuador,6.1
2017/12/01,Papua New Guinea,6.0
2017/12/01,Iran,6.1
2017/11/30,central Mid-Atlantic Ridge,6.5
2017/11/27,Papua New Guinea,6.0
2017/11/20,Tonga,6.0
2017/11/20,New Caledonia,6.0
2017/11/19,New Caledonia,7.0
2017/11/19,New Caledonia,6.6
2017/11/19,New Caledonia,6.3
2017/11/17,India,6.4
2017/11/13,Costa Rica,6.5
2017/11/12,Iraq,7.3
2017/11/11,Ascension Island region,6.1
2017/11/09,Japan region,6.0
2017/11/07,Papua New Guinea,6.5
2017/11/04,Tonga,6.8
2017/11/01,New Caledonia,6.1
2017/11/01,New Caledonia,6.6
2017/10/31,New Caledonia,6.7
2017/10/31,Indonesia,6.1
2017/10/24,Indonesia,6.7
2017/10/18,Tonga,6.1
2017/10/10,Bouvet Island region,6.7
2017/10/10,Chile,6.3
2017/10/08,Balleny Islands region,6.2
2017/10/08,Tonga,6.1
2017/10/08,United States,6.5
2017/10/06,Japan,6.2
2017/09/26,south of the Fiji Islands,6.4
2017/09/23,Mexico,6.1
2017/09/20,Vanuatu,6.4
2017/09/20,Japan,6.1
2017/09/20,New Zealand region,6.1
2017/09/19,Mexico,7.1
2017/09/08,Mexico Earthquake,8.2
2017/09/07,Japan region,6.1
2017/09/04,South Sandwich Islands region,6.1
2017/09/03,North Korea,6.3
2017/08/31,Indonesia,6.3
2017/08/27,Papua New Guinea,6.3
2017/08/19,Fiji,6.4
2017/08/18,north of Ascension Island,6.6
2017/08/13,Indonesia,6.4
2017/08/11,Philippines,6.2
2017/08/08,China,6.5
2017/08/08,China,6.3
2017/07/27,North Atlantic Ocean,6.0
2017/07/26,Japan,6.0
2017/07/20,Greece,6.6
2017/07/19,Mauritius - Reunion region,6.0
2017/07/18,Peru,6.4
2017/07/17,Russia region,7.7
2017/07/17,Russia region,6.3
2017/07/13,Papua New Guinea,6.4
2017/07/11,New Zealand region,6.6
2017/07/06,Philippines,6.5
2017/06/30,Ecuador,6.0
2017/06/29,Kermadec Islands region,6.0
2017/06/28,New Zealand,6.0
2017/06/25,Tonga,6.0
2017/06/22,Guatemala,6.8
2017/06/17,south of the Fiji Islands,6.1
2017/06/15,New Zealand,6.0
2017/06/14,Guatemala,6.9
2017/06/12,Greece,6.3
2017/06/02,United States,6.8
2017/05/29,Indonesia,6.6
2017/05/20,Philippines,6.0
2017/05/15,Papua New Guinea,6.2
2017/05/12,El Salvador,6.2
2017/05/10,South Sandwich Islands region,6.5
2017/05/09,Vanuatu,6.8
2017/05/09,Japan,6.0
2017/05/08,United States,6.2
2017/05/03,Tajikistan,6.0
2017/05/01,United States,6.3
2017/05/01,United States,6.2
2017/04/28,Philippines,6.9
2017/04/24,Chile,6.9
2017/04/23,Chile,6.0
2017/04/18,Fiji,6.0
2017/04/15,Chile,6.3
2017/04/05,Iran,6.1
2017/04/03,Botswana,6.5
2017/03/29,Russia,6.6
2017/03/27,United States,6.2
2017/03/19,Solomon Islands,6.0
2017/03/14,India region,6.0
2017/03/05,Papua New Guinea,6.3
2017/03/04,Papua New Guinea,6.1
2017/02/24,south of the Fiji Islands,6.9
2017/02/21,Bolivia,6.5
2017/02/18,Argentina,6.4
2017/02/10,Philippines,6.5
2017/02/07,Pakistan,6.3
2017/01/22,Papua New Guinea,7.9
2017/01/19,Solomon Islands,6.5
2017/01/10,Solomon Islands,6.3
2017/01/10,Philippines,7.3
2017/01/08,Canada,6.0
2017/01/03,Fiji,6.0
2017/01/03,Fiji,6.9
2017/01/02,south of the Fiji Islands,6.3
2016/12/29,Indonesia,6.3
2016/12/25,Chile,7.6
2016/12/24,Papua New Guinea,6.0
2016/12/21,Timor Leste,6.7
2016/12/20,Solomon Islands,6.0
2016/12/20,Solomon Islands,6.4
2016/12/18,Micronesia,6.2
2016/12/18,Peru,6.4
2016/12/17,Papua New Guinea,6.3
2016/12/17,Papua New Guinea,7.9
2016/12/14,Mariana Islands region,6.0
2016/12/10,Papua New Guinea,6.0
2016/12/09,Solomon Islands,6.9
2016/12/08,Solomon Islands,6.5
2016/12/08,Solomon Islands,7.8
2016/12/08,United States,6.6
2016/12/08,China,6.0
2016/12/06,Indonesia,6.5
2016/12/05,Indonesia,6.3
2016/12/01,Peru,6.2
2016/11/25,Tajikistan,6.6
2016/11/24,El Salvador,6.9
2016/11/21,Japan,6.9
2016/11/20,Argentina,6.4
2016/11/14,New Zealand,6.5
2016/11/13,New Zealand,6.5
2016/11/13,New Zealand,7.8
2016/11/13,New Zealand,6.2
2016/11/13,New Zealand,6.1
2016/11/11,Japan,6.1
2016/11/08,Chile,6.0
2016/11/04,Chile,6.3
2016/11/01,Papua New Guinea,6.0
2016/10/30,Italy,6.6
2016/10/27,Chile,6.0
2016/10/26,Italy,6.1
2016/10/26,Tonga,6.1
2016/10/21,Japan,6.2
2016/10/19,Indonesia,6.6
2016/10/17,Papua New Guinea,6.8
2016/10/15,Papua New Guinea,6.3
2016/09/24,Tonga,6.4
2016/09/24,Fiji region,6.9
2016/09/23,Philippines,6.3
2016/09/23,Japan,6.2
2016/09/20,Japan region,6.1
2016/09/17,Indonesia,6.0
2016/09/14,Solomon Islands,6.0
2016/09/14,Colombia,6.0
2016/09/10,Peru,6.1
2016/09/08,Macquarie Island region,6.1
2016/09/05,Russia region,6.1
2016/09/01,New Zealand,6.1
2016/09/01,New Zealand,7.0
2016/08/31,Papua New Guinea,6.8
2016/08/29,north of Ascension Island,7.1
2016/08/24,Myanmar,6.8
2016/08/24,Italy,6.2
2016/08/23,Indonesia,6.0
2016/08/21,South Georgia Island region,6.1
2016/08/20,Japan,6.0
2016/08/19,South Georgia Island region,7.4
2016/08/18,southern East Pacific Rise,6.0
2016/08/12,south of the Fiji Islands,6.1
2016/08/12,southeast of the Loyalty Islands,7.2
2016/08/04,Japan region,6.3
2016/08/04,Argentina,6.2
2016/07/29,United States,7.7
2016/07/25,Papua New Guinea,6.4
2016/07/25,Chile,6.1
2016/07/20,Vanuatu,6.1
2016/07/13,Kermadec Islands region,6.3
2016/07/11,Ecuador,6.3
2016/07/10,Tonga,6.0
2016/06/30,Vanuatu,6.0
2016/06/26,Kyrgyzstan,6.4
2016/06/21,northern Mid-Atlantic Ridge,6.1
2016/06/21,Papua New Guinea,6.3
2016/06/20,Vanuatu,6.0
2016/06/19,Vanuatu,6.3
2016/06/14,Vanuatu,6.2
2016/06/10,Solomon Islands,6.2
2016/06/10,Nicaragua,6.1
2016/06/09,Indonesia,6.1
2016/06/07,Indonesia,6.3
2016/06/07,Mexico,6.3
2016/06/06,New Zealand,6.1
2016/06/05,Banda Sea,6.3
2016/06/01,Indonesia,6.6
2016/05/31,Taiwan region,6.4
2016/05/28,South Sandwich Islands region,7.2
2016/05/28,Fiji region,6.9
2016/05/27,Fiji region,6.4
2016/05/20,Australia,6.0
2016/05/18,Ecuador,6.7
2016/05/18,Ecuador,6.9
2016/04/29,northern East Pacific Rise,6.6
2016/04/28,Vanuatu,7.0
2016/04/27,Mexico,6.0
2016/04/25,Mexico,6.0
2016/04/22,Ecuador,6.0
2016/04/20,Ecuador,6.0
2016/04/20,Ecuador,6.2
2016/04/19,South Sandwich Islands region,6.2
2016/04/16,Ecuador,7.8
2016/04/15,Japan,7.0
2016/04/15,Guatemala,6.1
2016/04/14,Vanuatu,6.4
2016/04/14,Japan,6.0
2016/04/14,Japan,6.2
2016/04/13,Philippines,6.0
2016/04/13,Myanmar,6.9
2016/04/10,Afghanistan,6.6
2016/04/07,Vanuatu,6.7
2016/04/06,Indonesia,6.1
2016/04/06,Vanuatu,6.7
2016/04/03,Vanuatu,6.9
2016/04/02,United States,6.2
2016/04/01,Papua New Guinea,6.2
2016/03/20,Russia,6.4
2016/03/19,Antigua and Barbuda,6.0
2016/03/19,United States,6.0
2016/03/12,United States,6.3
2016/03/02,Indonesia,7.8
2016/02/27,western Indian-Antarctic Ridge,6.1
2016/02/22,Chile,6.0
2016/02/17,Indonesia,6.0
2016/02/16,southern East Pacific Rise,6.1
2016/02/15,Tonga,6.0
2016/02/12,Indonesia,6.3
2016/02/10,Chile,6.3
2016/02/08,Papua New Guinea,6.4
2016/02/05,Taiwan,6.4
2016/02/01,Kermadec Islands region,6.2
2016/01/31,Balleny Islands region,6.1
2016/01/30,Russia,7.2
2016/01/26,Papua New Guinea,6.1
2016/01/25,Morocco,6.3
2016/01/24,United States,7.1
2016/01/21,Mexico,6.6
2016/01/14,Japan,6.7
2016/01/14,Bolivia,6.1
2016/01/11,Japan,6.2
2016/01/11,Philippines,6.5
2016/01/05,Pacific-Antarctic Ridge,6.0
2016/01/03,India,6.7
2016/01/01,western Indian-Antarctic Ridge,6.3
2015/12/25,Afghanistan,6.3
2015/12/24,southern East Pacific Rise,6.2
2015/12/20,Indonesia,6.1
2015/12/19,Vanuatu,6.0
2015/12/17,Mexico,6.6
2015/12/09,Fiji,6.1
2015/12/09,Indonesia,6.9
2015/12/07,Tajikistan,7.2
2015/12/04,southeast Indian Ridge,7.1
2015/11/27,Chile,6.2
2015/11/26,Brazil,6.7
2015/11/24,Peru,7.6
2015/11/24,Peru,7.6
2015/11/24,United States,6.0
2015/11/21,Indonesia,6.1
2015/11/18,Solomon Islands,6.8
2015/11/17,Greece,6.5
2015/11/13,Japan,6.7
2015/11/11,Chile,6.9
2015/11/11,Chile,6.9
2015/11/09,United States,6.5
2015/11/08,India region,6.6
2015/11/07,Chile,6.8
2015/11/07,Chile,6.2
2015/11/04,Timor Leste,6.5
2015/10/26,Afghanistan,7.5
2015/10/23,Prince Edward Islands region,6.0
2015/10/23,Bouvet Island region,6.2
2015/10/20,Vanuatu,7.1
2015/10/18,Tonga,6.0
2015/10/14,Russia,6.0
2015/10/11,Pacific-Antarctic Ridge,6.1
2015/09/26,Chile,6.3
2015/09/24,Indonesia,6.6
2015/09/22,Chile,6.0
2015/09/21,Chile,6.1
2015/09/21,Chile,6.6
2015/09/19,Chile,6.1
2015/09/19,Chile,6.2
2015/09/18,northern Mid-Atlantic Ridge,6.0
2015/09/18,Chile,6.2
2015/09/17,Chile,6.7
2015/09/17,Chile,6.5
2015/09/17,Chile,6.4
2015/09/16,Chile,8.3
2015/09/16,Indonesia,6.3
2015/09/16,Papua New Guinea,6.1
2015/09/16,Chile,7.0
2015/09/16,Chile,6.4
2015/09/16,Chile,6.1
2015/09/16,Chile,6.1
2015/09/13,Mexico,6.7
2015/09/10,United States,6.0
2015/09/07,south of the Fiji Islands,6.0
2015/09/07,south of the Kermadec Islands,6.3
2015/09/01,Japan region,6.0
2015/08/24,New Zealand,6.0
2015/08/15,Solomon Islands,6.4
2015/08/13,Mid-Indian Ridge,6.0
2015/08/12,Solomon Islands,6.5
2015/08/10,Solomon Islands,6.6
2015/08/06,south of the Fiji Islands,6.0
2015/07/29,United States,6.4
2015/07/27,United States,6.9
2015/07/27,Indonesia,7.0
2015/07/18,Solomon Islands,7.0
2015/07/16,Barbados,6.5
2015/07/10,Solomon Islands,6.7
2015/07/07,Russia,6.3
2015/07/03,Philippines,6.1
2015/07/03,China,6.4
2015/07/01,Solomon Islands,6.0
2015/06/30,Papua New Guinea,6.0
2015/06/25,south of the Kermadec Islands,6.0
2015/06/23,Japan region,6.5
2015/06/21,Fiji region,6.0
2015/06/20,Chile,6.4
2015/06/17,southern Mid-Atlantic Ridge,7.0
2015/06/12,Tonga,6.0
2015/06/10,Chile,6.0
2015/06/08,Japan,6.1
2015/06/04,Malaysia,6.0
2015/05/30,Japan region,6.2
2015/05/30,Tonga,6.0
2015/05/30,Japan region,7.8
2015/05/29,United States,6.8
2015/05/24,Tonga,6.2
2015/05/24,southern Mid-Atlantic Ridge,6.3
2015/05/22,Solomon Islands,6.8
2015/05/22,Solomon Islands,6.9
2015/05/20,Tonga,6.0
2015/05/20,Solomon Islands,6.8
2015/05/19,Pacific-Antarctic Ridge,6.7
2015/05/15,Indonesia,6.0
2015/05/12,Japan,6.8
2015/05/12,Nepal,6.3
2015/05/12,Nepal,7.3
2015/05/10,Japan region,6.0
2015/05/07,Papua New Guinea,7.1
2015/05/05,Papua New Guinea,7.5
2015/05/03,Papua New Guinea,6.0
2015/05/01,Papua New Guinea,6.8
2015/05/01,Papua New Guinea,6.0
2015/04/30,Papua New Guinea,6.7
2015/04/28,Fiji region,6.1
2015/04/26,Nepal,6.7
2015/04/25,Nepal,6.6
2015/04/25,Nepal,6.1
2015/04/25,Nepal,7.8
2015/04/24,New Zealand,6.1
2015/04/24,Canada,6.2
2015/04/22,Solomon Islands,6.2
2015/04/20,Japan,6.1
2015/04/20,Japan,6.0
2015/04/20,Japan,6.4
2015/04/17,Wallis and Futuna,6.5
2015/04/16,Greece,6.0
2015/04/07,Tonga,6.3
2015/03/31,Papua New Guinea,6.0
2015/03/30,Tonga,6.5
2015/03/30,Tonga,6.4
2015/03/30,Tonga,6.0
2015/03/29,Papua New Guinea,7.5
2015/03/23,Bolivia,6.4
2015/03/18,Chile,6.2
2015/03/17,Indonesia,6.2
2015/03/15,Indonesia,6.1
2015/03/10,Colombia,6.2
2015/03/06,Mid-Indian Ridge,6.0
2015/03/03,Indonesia,6.1
2015/02/27,Indonesia,7.0
2015/02/22,Mexico,6.2
2015/02/21,Japan,6.0
2015/02/20,Japan,6.2
2015/02/19,Vanuatu,6.4
2015/02/18,Solomon Islands,6.1
2015/02/16,South Sandwich Islands region,6.2
2015/02/16,Japan,6.7
2015/02/13,Taiwan region,6.2
2015/02/13,northern Mid-Atlantic Ridge,7.1
2015/02/11,Argentina,6.7
2015/02/02,Argentina,6.3
2015/01/30,Vanuatu,6.0
2015/01/28,Fiji region,6.2
2015/01/23,Vanuatu,6.8
2015/01/07,Panama,6.5
2014/12/30,Fiji region,6.0
2014/12/29,Philippines,6.1
2014/12/21,Indonesia,6.3
2014/12/10,Taiwan,6.1
2014/12/08,Panama,6.6
2014/12/07,Guatemala,6.1
2014/12/07,Papua New Guinea,6.6
2014/12/06,Panama,6.0
2014/12/06,Banda Sea,6.0
2014/12/02,Philippines,6.6
2014/11/26,Indonesia,6.8
2014/11/22,Japan,6.2
2014/11/21,Indonesia,6.5
2014/11/17,Prince Edward Islands region,6.1
2014/11/16,New Zealand,6.7
2014/11/15,Indonesia,7.1
2014/11/13,Fiji region,6.0
2014/11/07,Papua New Guinea,6.6
2014/11/03,Mid-Indian Ridge,6.3
2014/11/02,Balleny Islands region,6.0
2014/11/01,Fiji region,7.1
2014/11/01,Easter Island region,6.0
2014/10/28,Tonga,6.0
2014/10/14,El Salvador,7.3
2014/10/11,Japan,6.1
2014/10/09,southern East Pacific Rise,6.6
2014/10/09,southern East Pacific Rise,7.0
2014/10/08,Mexico,6.1
2014/10/07,China,6.1
2014/10/01,Papua New Guinea,6.0
2014/09/25,United States,6.2
2014/09/25,Solomon Islands,6.1
2014/09/24,Argentina,6.2
2014/09/17,United States,6.7
2014/09/10,Indonesia,6.2
2014/09/06,Easter Island region,6.1
2014/09/06,Mexico,6.2
2014/09/04,Tonga,6.0
2014/08/24,Peru,6.8
2014/08/24,California Earthquake,6.02
2014/08/23,Chile,6.4
2014/08/18,Iran,6.0
2014/08/18,Iran,6.2
2014/08/10,Japan,6.1
2014/08/06,Timor Leste,6.2
2014/08/03,Federated States of Micronesia region,6.9
2014/08/03,China,6.2
2014/07/29,Papua New Guinea,6.0
2014/07/29,Mexico,6.3
2014/07/27,northern Mid-Atlantic Ridge,6.0
2014/07/25,United States,6.0
2014/07/21,Fiji region,6.9
2014/07/20,Russia,6.2
2014/07/19,Tonga,6.2
2014/07/19,Owen Fracture Zone region,6.0
2014/07/17,United States,6.0
2014/07/14,Philippines,6.3
2014/07/11,Japan,6.5
2014/07/08,Vanuatu,6.2
2014/07/07,Mexico,6.9
2014/07/05,Indonesia,6.0
2014/07/04,Papua New Guinea,6.5
2014/07/03,Kermadec Islands region,6.3
2014/07/02,Balleny Islands region,6.0
2014/06/30,Japan region,6.2
2014/06/29,Wallis and Futuna,6.7
2014/06/29,Wallis and Futuna,6.4
2014/06/29,South Sandwich Islands region,6.0
2014/06/29,South Sandwich Islands region,6.9
2014/06/29,Japan region,6.2
2014/06/24,United States,6.3
2014/06/23,New Zealand,6.9
2014/06/23,New Zealand,6.7
2014/06/23,New Zealand,6.5
2014/06/23,United States,6.0
2014/06/23,United States,7.9
2014/06/23,United States,6.0
2014/06/23,United States,6.0
2014/06/19,Vanuatu,6.2
2014/06/14,South Indian Ocean,6.5
2014/05/31,Mexico,6.2
2014/05/24,Greece,6.9
2014/05/21,India,6.0
2014/05/18,off the west coast of northern Sumatra,6.0
2014/05/15,Philippines,6.3
2014/05/15,Federated States of Micronesia,6.3
2014/05/14,Federated States of Micronesia,6.1
2014/05/13,Panama,6.5
2014/05/12,southern East Pacific Rise,6.5
2014/05/10,Mexico,6.0
2014/05/08,Mexico,6.4
2014/05/07,Papua New Guinea,6.0
2014/05/06,West Chile Rise,6.3
2014/05/05,Thailand,6.1
2014/05/04,Japan,6.0
2014/05/04,south of the Fiji Islands,6.3
2014/05/04,south of the Fiji Islands,6.6
2014/05/01,Vanuatu,6.6
2014/04/26,Tonga,6.1
2014/04/24,Canada,6.5
2014/04/20,Papua New Guinea,6.2
2014/04/19,Papua New Guinea,7.5
2014/04/19,Papua New Guinea,6.6
2014/04/18,Mexico,7.2
2014/04/18,Solomon Islands,6.1
2014/04/17,Balleny Islands region,6.2
2014/04/15,Bouvet Island region,6.8
2014/04/13,Solomon Islands,7.4
2014/04/13,Solomon Islands,6.6
2014/04/12,Papua New Guinea,6.1
2014/04/12,Solomon Islands,7.6
2014/04/11,Nicaragua,6.6
2014/04/11,Papua New Guinea,6.5
2014/04/11,Papua New Guinea,7.1
2014/04/11,Chile,6.2
2014/04/10,Nicaragua,6.1
2014/04/04,Chile,6.3
2014/04/04,Solomon Islands,6.0
2014/04/03,Chile,6.4
2014/04/03,Chile,7.7
2014/04/03,Chile,6.5
2014/04/02,Panama,6.0
2014/04/01,Chile,6.9
2014/04/01,Chile,8.2
2014/03/27,Solomon Islands,6.0
2014/03/26,south of the Fiji Islands,6.3
2014/03/23,Chile,6.3
2014/03/22,Chile,6.2
2014/03/21,Indonesia,6.4
2014/03/17,Chile,6.4
2014/03/16,Chile,6.7
2014/03/15,Peru,6.3
2014/03/15,Peru,6.1
2014/03/13,Japan,6.3
2014/03/11,east of the South Sandwich Islands,6.4
2014/03/11,Papua New Guinea,6.1
2014/03/10,United States,6.8
2014/03/05,Vanuatu,6.3
2014/03/02,Mexico,6.0
2014/03/02,Japan,6.5
2014/03/02,Nicaragua,6.2
2014/02/26,United States,6.1
2014/02/18,Barbados,6.5
2014/02/12,China,6.9
2014/02/09,Papua New Guinea,6.0
2014/02/07,Vanuatu,6.5
2014/02/03,Greece,6.0
2014/02/02,south of the Kermadec Islands,6.5
2014/02/01,South Sandwich Islands region,6.1
2014/01/26,Greece,6.1
2014/01/25,Indonesia,6.1
2014/01/21,Tonga,6.1
2014/01/20,New Zealand,6.1
2014/01/13,United States,6.4
2014/01/01,Vanuatu,6.5
2013/12/17,Mariana Islands region,6.2
2013/12/08,Russia,6.0
2013/12/01,Indonesia,6.0
2013/12/01,Timor Leste,6.4
2013/11/25,Falkland Islands region,7.0
2013/11/25,Russia,6.0
2013/11/25,South Atlantic Ocean,6.0
2013/11/23,Fiji region,6.5
2013/11/19,United States,6.0
2013/11/19,Indonesia,6.0
2013/11/17,Scotia Sea,7.7
2013/11/16,Scotia Sea,6.9
2013/11/13,Scotia Sea,6.1
2013/11/12,Russia,6.4
2013/11/02,Tonga,6.2
2013/11/02,Easter Island region,6.0
2013/10/31,Taiwan,6.3
2013/10/31,Chile,6.6
2013/10/30,Chile,6.2
2013/10/25,Japan,7.1
2013/10/24,east of the South Sandwich Islands,6.7
2013/10/23,Tonga,6.0
2013/10/19,Mexico,6.6
2013/10/16,Papua New Guinea,6.8
2013/10/15,Philippines,7.1
2013/10/12,Venezuela,6.0
2013/10/12,Greece,6.6
2013/10/11,New Zealand,6.2
2013/10/06,West Chile Rise,6.2
2013/10/06,Mariana Islands region,6.0
2013/10/04,Mid-Indian Ridge,6.4
2013/10/01,Sea of Okhotsk,6.7
2013/09/30,New Zealand,6.5
2013/09/28,Pakistan,6.8
2013/09/25,southern East Pacific Rise,6.1
2013/09/25,Peru,7.1
2013/09/24,Pakistan,7.7
2013/09/21,Indonesia,6.1
2013/09/15,United States,6.1
2013/09/11,central East Pacific Rise,6.1
2013/09/07,Mexico,6.4
2013/09/05,northern Mid-Atlantic Ridge,6.0
2013/09/04,Canada,6.0
2013/09/04,Japan region,6.5
2013/09/04,United States,6.0
2013/09/04,United States,6.5
2013/09/03,Canada,6.1
2013/09/01,Timor Leste,6.5
2013/08/31,United States,6.0
2013/08/30,United States,7.0
2013/08/28,Kermadec Islands region,6.2
2013/08/21,Mexico,6.2
2013/08/17,Southwest Indian Ridge,6.1
2013/08/16,New Zealand,6.5
2013/08/13,Colombia,6.7
2013/08/12,Peru,6.2
2013/08/12,Kermadec Islands region,6.1
2013/08/12,Indonesia,6.0
2013/08/01,Tonga,6.0
2013/07/26,South Sandwich Islands region,6.3
2013/07/26,Vanuatu,6.1
2013/07/22,Prince Edward Islands region,6.3
2013/07/21,New Zealand,6.5
2013/07/17,Peru,6.0
2013/07/15,South Sandwich Islands region,7.3
2013/07/07,Papua New Guinea,6.6
2013/07/07,Papua New Guinea,7.3
2013/07/06,Indonesia,6.0
2013/07/04,Papua New Guinea,6.1
2013/07/02,Indonesia,6.1
2013/06/24,northern Mid-Atlantic Ridge,6.6
2013/06/16,Greece,6.0
2013/06/15,Nicaragua,6.5
2013/06/15,Greece,6.2
2013/06/15,south of the Kermadec Islands,6.0
2013/06/13,Indonesia,6.7
2013/06/05,Solomon Islands,6.1
2013/06/02,Taiwan,6.2
2013/05/24,2013 Sea of Okhotsk Earthquake,8.3
2013/05/24,Sea of Okhotsk,6.7
2013/05/23,Tonga,7.4
2013/05/23,Tonga,6.3
2013/05/21,Russia,6.1
2013/05/21,Russia,6.0
2013/05/20,Chile,6.4
2013/05/19,Russia,6.1
2013/05/18,Japan,6.0
2013/05/14,United States,6.8
2013/05/11,Tonga,6.4
2013/05/11,Iran,6.1
2013/05/07,south of the Fiji Islands,6.0
2013/04/26,Kermadec Islands region,6.1
2013/04/23,Papua New Guinea,6.5
2013/04/22,Mexico,6.0
2013/04/21,Japan region,6.1
2013/04/20,Russia,6.1
2013/04/20,China,6.6
2013/04/19,Russia,7.2
2013/04/19,Russia,6.1
2013/04/16,Papua New Guinea,6.6
2013/04/16,Iran,7.7
2013/04/14,Papua New Guinea,6.6
2013/04/13,Vanuatu,6.0
2013/04/09,Iran,6.4
2013/04/06,Indonesia,7.0
2013/04/05,Russia,6.3
2013/04/01,Japan,6.0
2013/03/25,Guatemala,6.2
2013/03/24,Vanuatu region,6.1
2013/03/10,Papua New Guinea,6.5
2013/03/01,Russia,6.5
2013/03/01,Russia,6.4
2013/02/28,Russia,6.9
2013/02/22,Argentina,6.1
2013/02/16,Philippines,6.1
2013/02/14,Russia,6.6
2013/02/10,Solomon Islands,6.0
2013/02/09,Solomon Islands,6.6
2013/02/09,Colombia,6.9
2013/02/08,Solomon Islands,7.1
2013/02/08,Solomon Islands,6.8
2013/02/07,Solomon Islands,6.7
2013/02/07,Solomon Islands,6.0
2013/02/06,Solomon Islands,6.0
2013/02/06,Solomon Islands,6.0
2013/02/06,Solomon Islands,6.1
2013/02/06,Solomon Islands,7.0
2013/02/06,Solomon Islands,7.1
2013/02/06,2013 Santa Cruz Islands Earthquake,8.0
2013/02/06,Solomon Islands,6.0
2013/02/02,Solomon Islands,6.0
2013/02/02,Japan,6.9
2013/02/01,Solomon Islands,6.0
2013/02/01,Solomon Islands,6.3
2013/02/01,Solomon Islands,6.4
2013/01/31,Solomon Islands,6.1
2013/01/30,Solomon Islands,6.1
2013/01/30,Chile,6.8
2013/01/28,Kazakhstan,6.1
2013/01/21,Indonesia,6.1
2013/01/15,Pacific-Antarctic Ridge,6.1
2013/01/05,United States,7.5
2012/12/21,Vanuatu,6.7
2012/12/17,Indonesia,6.1
2012/12/15,Papua New Guinea,6.1
2012/12/15,United States,6.0
2012/12/14,United States,6.3
2012/12/11,Molucca Sea,6.0
2012/12/10,Banda Sea,7.1
2012/12/07,Japan,6.2
2012/12/07,Japan,7.3
2012/12/07,New Zealand,6.3
2012/12/02,Vanuatu,6.1
2012/11/19,Papua New Guinea,6.0
2012/11/16,Russia,6.5
2012/11/15,Mexico,6.1
2012/11/14,Chile,6.1
2012/11/13,Chile,6.1
2012/11/12,United States,6.3
2012/11/11,Myanmar,6.8
2012/11/11,Guatemala,6.5
2012/11/10,Peru,6.0
2012/11/08,Canada,6.1
2012/11/07,Guatemala,7.4
2012/11/02,Philippines,6.1
2012/10/30,Canada,6.2
2012/10/28,Canada,6.3
2012/10/28,Canada,7.8
2012/10/24,Costa Rica,6.5
2012/10/20,Vanuatu,6.2
2012/10/17,Philippines,6.0
2012/10/12,Indonesia,6.6
2012/10/09,west of Macquarie Island,6.6
2012/10/08,Indonesia,6.1
2012/10/01,Japan,6.1
2012/09/30,Colombia,7.3
2012/09/26,United States,6.4
2012/09/25,Mexico,6.3
2012/09/14,Indonesia,6.2
2012/09/08,Indonesia,6.1
2012/09/05,Costa Rica,7.6
2012/09/05,Vanuatu,6.0
2012/09/03,Indonesia,6.1
2012/08/31,Philippines,7.6
2012/08/30,Svalbard and Jan Mayen,6.8
2012/08/27,El Salvador,7.3
2012/08/26,Indonesia,6.6
2012/08/19,Papua New Guinea,6.2
2012/08/18,Indonesia,6.3
2012/08/14,Russia,7.7
2012/08/12,China,6.2
2012/08/11,Iran,6.2
2012/08/11,Iran,6.4
2012/08/10,United States,6.2
2012/08/02,Papua New Guinea,6.1
2012/08/02,Peru,6.1
2012/07/28,Papua New Guinea,6.5
2012/07/26,Mauritius - Reunion region,6.7
2012/07/25,Solomon Islands,6.4
2012/07/25,Indonesia,6.4
2012/07/20,Russia,6.0
2012/07/08,Russia,6.0
2012/07/06,Vanuatu,6.3
2012/07/03,New Zealand,6.3
2012/06/29,China,6.3
2012/06/24,Russia,6.0
2012/06/23,Indonesia,6.1
2012/06/19,United States,6.0
2012/06/17,Japan,6.3
2012/06/10,Turkey,6.0
2012/06/07,Peru,6.1
2012/06/07,Chile,6.0
2012/06/05,Japan,6.1
2012/06/04,south of Panama,6.3
2012/06/04,Panama,6.3
2012/05/28,Argentina,6.7
2012/05/26,Japan region,6.0
2012/05/24,Norwegian Sea,6.1
2012/05/23,western Indian-Antarctic Ridge,6.0
2012/05/20,Japan,6.3
2012/05/20,Italy,6.0
2012/05/18,Chile,6.3
2012/05/14,Peru,6.2
2012/05/01,Mexico,6.0
2012/04/28,Tonga,6.6
2012/04/23,Kermadec Islands region,6.0
2012/04/21,Indonesia,6.0
2012/04/21,Indonesia,6.7
2012/04/17,east of the South Sandwich Islands,6.2
2012/04/17,Papua New Guinea,6.8
2012/04/17,Chile,6.7
2012/04/15,off the west coast of northern Sumatra,6.2
2012/04/14,Vanuatu,6.2
2012/04/14,Drake Passage,6.2
2012/04/12,Mexico,7.0
2012/04/12,Mexico,6.0
2012/04/11,Mexico,6.5
2012/04/11,United States,6.0
2012/04/11,2012 Wharton Basin Aftershock,8.2
2012/04/11,North Indian Ocean,6.0
2012/04/11,2012 Wharton Basin Earthquake,8.6
2012/04/06,Papua New Guinea,6.1
2012/04/02,Mexico,6.0
2012/03/27,Japan,6.1
2012/03/26,northern East Pacific Rise,6.0
2012/03/25,Chile,7.1
2012/03/21,Papua New Guinea,6.6
2012/03/20,Mexico,7.4
2012/03/20,Indonesia,6.1
2012/03/14,Japan,6.9
2012/03/14,Japan,6.1
2012/03/14,Japan,6.0
2012/03/14,Papua New Guinea,6.2
2012/03/09,Vanuatu,6.7
2012/03/05,Argentina,6.1
2012/03/03,New Caledonia,6.6
2012/02/26,Russia,6.7
2012/02/26,south of the Fiji Islands,6.0
2012/02/14,Solomon Islands,6.4
2012/02/06,Philippines,6.7
2012/02/06,Philippines,6.0
2012/02/05,Vanuatu,6.1
2012/02/05,Vanuatu,6.1
2012/02/03,Vanuatu,6.1
2012/02/02,Vanuatu,7.1
2012/01/30,Peru,6.4
2012/01/24,south of the Fiji Islands,6.3
2012/01/23,Chile,6.1
2012/01/22,South Sandwich Islands region,6.0
2012/01/21,Mexico,6.2
2012/01/15,South Shetland Islands,6.0
2012/01/15,South Shetland Islands,6.6
2012/01/10,off the west coast of northern Sumatra,7.2
2012/01/09,Solomon Islands,6.4
2012/01/01,Japan region,6.8
2011/12/27,Russia,6.6
2011/12/26,Tonga,6.0
2011/12/15,south of the Kermadec Islands,6.0
2011/12/14,Papua New Guinea,7.1
2011/12/13,Indonesia,6.0
2011/12/11,South Sandwich Islands region,6.2
2011/12/11,Mexico,6.5
2011/12/07,Chile,6.1
2011/11/30,Philippines,6.0
2011/11/28,Papua New Guinea,6.1
2011/11/24,Japan,6.2
2011/11/23,Japan,6.1
2011/11/22,Bolivia,6.6
2011/11/17,Ecuador,6.0
2011/11/14,Indonesia,6.3
2011/11/11,southern East Pacific Rise,6.0
2011/11/08,Japan,6.9
2011/11/07,Nicaragua,6.0
2011/11/02,Pacific-Antarctic Ridge,6.1
2011/11/01,Revilla Gigedo Islands region,6.3
2011/10/28,Peru,6.9
2011/10/27,Fiji,6.0
2011/10/23,Turkey,7.1
2011/10/21,Kermadec Islands region,7.4
2011/10/21,Japan,6.1
2011/10/18,Papua New Guinea,6.1
2011/10/14,Russia,6.0
2011/10/14,Papua New Guinea,6.5
2011/10/13,Indonesia,6.1
2011/10/07,south of the Kermadec Islands,6.1
2011/09/22,Tonga,6.4
2011/09/18,India,6.9
2011/09/16,Japan,6.7
2011/09/15,Fiji region,7.3
2011/09/15,Japan,6.1
2011/09/15,east of the North Island of New Zealand,6.1
2011/09/14,United States,6.0
2011/09/09,Canada,6.4
2011/09/05,Tonga,6.2
2011/09/05,Indonesia,6.7
2011/09/03,Vanuatu,7.0
2011/09/03,South Sandwich Islands region,6.4
2011/09/02,Argentina,6.7
2011/09/02,United States,6.9
2011/09/01,Vanuatu,6.0
2011/08/30,Timor Leste,6.9
2011/08/24,Vanuatu,6.2
2011/08/24,Peru,7.0
2011/08/22,Indonesia,6.1
2011/08/20,Vanuatu,7.1
2011/08/20,Vanuatu,6.5
2011/08/20,Vanuatu,7.2
2011/08/19,Japan,6.2
2011/08/19,Wallis and Futuna,6.2
2011/08/17,Japan,6.1
2011/08/16,Indonesia,6.1
2011/08/10,Saint Helena,6.0
2011/08/04,Russia,6.1
2011/07/31,Vanuatu region,6.1
2011/07/31,Papua New Guinea,6.6
2011/07/30,Japan,6.3
2011/07/29,south of the Fiji Islands,6.7
2011/07/26,Mexico,6.0
2011/07/25,Papua New Guinea,6.3
2011/07/24,Japan,6.3
2011/07/23,Japan,6.3
2011/07/21,Balleny Islands region,6.0
2011/07/20,Solomon Islands,6.0
2011/07/19,Kyrgyzstan,6.1
2011/07/16,United States,6.1
2011/07/16,Chile,6.0
2011/07/15,South Sandwich Islands region,6.1
2011/07/11,Philippines,6.4
2011/07/10,Japan,7.0
2011/07/09,New Zealand,6.0
2011/07/09,New Zealand,6.0
2011/07/06,Kermadec Islands region,7.6
2011/06/26,Indonesia,6.3
2011/06/24,Solomon Islands,6.1
2011/06/24,United States,7.3
2011/06/22,Japan,6.7
2011/06/21,Solomon Islands,6.0
2011/06/20,Chile,6.4
2011/06/16,Papua New Guinea,6.4
2011/06/13,Indonesia,6.3
2011/06/05,west of Macquarie Island,6.4
2011/06/03,Japan,6.1
2011/06/01,Chile,6.3
2011/05/15,Papua New Guinea,6.4
2011/05/15,central Mid-Atlantic Ridge,6.1
2011/05/13,Japan,6.1
2011/05/10,New Caledonia,6.8
2011/05/05,Japan,6.0
2011/04/30,Panama,6.1
2011/04/24,Indonesia,6.1
2011/04/23,Solomon Islands,6.8
2011/04/21,Japan,6.2
2011/04/18,south of the Kermadec Islands,6.6
2011/04/13,Japan,6.0
2011/04/11,Japan,6.2
2011/04/11,Japan,6.6
2011/04/07,Japan,7.1
2011/04/07,Mexico,6.6
2011/04/06,Indonesia,6.0
2011/04/03,Indonesia,6.7
2011/04/03,Fiji,6.4
2011/04/01,Greece,6.0
2011/03/31,Wallis and Futuna,6.3
2011/03/31,Japan,6.0
2011/03/29,Japan,6.1
2011/03/27,Japan,6.2
2011/03/26,Fiji,6.0
2011/03/25,Japan,6.2
2011/03/24,Myanmar,6.9
2011/03/22,Japan,6.4
2011/03/22,Japan,6.1
2011/03/22,Japan,6.4
2011/03/20,Philippines,6.0
2011/03/17,Japan,6.2
2011/03/17,Vanuatu,6.2
2011/03/15,Japan,6.0
2011/03/15,Japan,6.1
2011/03/15,Japan,6.0
2011/03/14,Japan,6.0
2011/03/13,Japan,6.1
2011/03/12,Japan,6.1
2011/03/12,Japan,6.1
2011/03/12,Japan,6.5
2011/03/11,Japan,6.3
2011/03/11,Japan,6.2
2011/03/11,Japan,6.1
2011/03/11,Japan,7.7
2011/03/11,Japan,6.2
2011/03/11,Japan,6.2
2011/03/11,Japan,6.5
2011/03/11,Japan,6.6
2011/03/11,Japan,7.9
2011/03/11,Japan,6.7
2011/03/11,Japan,6.2
2011/03/11,Japan,6.2
2011/03/11,Japan,6.4
2011/03/11,Japan,6.3
2011/03/11,Japan,6.0
2011/03/11,Japan,6.3
2011/03/11,Japan,6.4
2011/03/11,Japan,6.3
2011/03/11,Japan,9.1
2011/03/11,Japan,6.1
2011/03/11,Japan,6.2
2011/03/11,Japan,6.3
2011/03/11,Japan,6.0
2011/03/11,Japan,6.3
2011/03/11,Japan,6.1
2011/03/11,Japan,6.2
2011/03/11,Japan,6.0
2011/03/11,Japan,6.2
2011/03/11,Japan,6.0
2011/03/11,Japan,6.3
2011/03/11,Japan,6.6
2011/03/11,Japan,6.0
2011/03/11,Japan,6.0
2011/03/11,Japan,6.0
2011/03/11,Japan,6.1
2011/03/11,Japan,6.5
2011/03/11,Japan,6.1
2011/03/11,Japan,6.2
2011/03/11,Japan,6.0
2011/03/11,Japan,6.3
2011/03/11,Japan,6.1
2011/03/11,Japan,6.1
2011/03/10,Indonesia,6.5
2011/03/09,Japan,6.0
2011/03/09,Japan,7.3
2011/03/09,Papua New Guinea,6.4
2011/03/09,Japan,6.0
2011/03/09,Japan,6.5
2011/03/07,Solomon Islands,6.3
2011/03/06,South Sandwich Islands region,6.5
2011/03/06,Peru,6.3
2011/03/01,Easter Island region,6.0
2011/02/21,New Zealand,6.1
2011/02/21,south of the Fiji Islands,6.5
2011/02/20,Russia,6.1
2011/02/15,Indonesia,6.1
2011/02/14,Chile,6.7
2011/02/13,Chile,6.0
2011/02/12,Tonga,6.1
2011/02/12,Chile,6.1
2011/02/11,Chile,6.9
2011/02/10,Philippines,6.6
2011/02/10,Philippines,6.5
2011/02/07,Papua New Guinea,6.4
2011/02/04,India,6.2
2011/01/31,Tonga,6.0
2011/01/29,Svalbard and Jan Mayen,6.2
2011/01/27,Iran,6.2
2011/01/26,Indonesia,6.1
2011/01/24,Tajikistan,6.0
2011/01/18,Pakistan,7.2
2011/01/17,Indonesia,6.0
2011/01/13,New Caledonia,7.0
2011/01/12,Japan region,6.4
2011/01/09,Vanuatu,6.1
2011/01/09,Vanuatu,6.5
2011/01/05,southeast of the Loyalty Islands,6.1
2011/01/02,Chile,7.2
2011/01/01,Argentina,7.0
2010/12/29,Vanuatu,6.4
2010/12/28,south of the Fiji Islands,6.3
2010/12/26,Vanuatu,6.0
2010/12/25,Vanuatu,7.3
2010/12/23,United States,6.4
2010/12/22,Japan region,6.4
2010/12/21,Japan region,7.4
2010/12/20,Iran,6.7
2010/12/15,Timor Leste,6.0
2010/12/13,Papua New Guinea,6.2
2010/12/08,South Sandwich Islands region,6.3
2010/12/02,Papua New Guinea,6.6
2010/12/01,Fiji,6.1
2010/11/30,Japan region,6.8
2010/11/23,Papua New Guinea,6.1
2010/11/21,Pacific-Antarctic Ridge,6.0
2010/11/10,southeast Indian Ridge,6.5
2010/11/03,Tonga,6.1
2010/11/03,Indonesia,6.0
2010/10/30,Pacific-Antarctic Ridge,6.4
2010/10/25,Indonesia,6.3
2010/10/25,Indonesia,7.8
2010/10/21,Mexico,6.7
2010/10/08,Indonesia,6.2
2010/10/08,United States,6.0
2010/10/08,United States,6.4
2010/10/04,Japan,6.3
2010/09/29,Indonesia,7.0
2010/09/29,Indonesia,6.2
2010/09/26,Indonesia,6.0
2010/09/17,Afghanistan,6.3
2010/09/09,Chile,6.2
2010/09/08,Vanuatu,6.3
2010/09/07,Fiji,6.3
2010/09/04,Tonga,6.1
2010/09/03,New Zealand,7.0
2010/09/03,United States,6.5
2010/08/24,Mexico,6.2
2010/08/20,Papua New Guinea,6.1
2010/08/18,Micronesia,6.3
2010/08/16,Fiji region,6.2
2010/08/16,Mauritius - Reunion region,6.3
2010/08/15,Papua New Guinea,6.3
2010/08/14,Micronesia,6.6
2010/08/14,Mariana Islands region,6.2
2010/08/13,Mariana Islands region,6.9
2010/08/12,Ecuador,7.1
2010/08/10,Vanuatu,7.3
2010/08/04,Papua New Guinea,7.0
2010/08/04,United States,6.4
2010/08/04,Papua New Guinea,6.5
2010/08/04,south of the Fiji Islands,6.0
2010/08/04,east of the Kuril Islands,6.0
2010/08/03,Indonesia,6.3
2010/07/30,Russia,6.3
2010/07/29,Philippines,6.6
2010/07/24,Philippines,6.6
2010/07/23,Philippines,7.5
2010/07/23,Philippines,7.6
2010/07/23,Philippines,7.3
2010/07/22,Vanuatu,6.1
2010/07/21,Indonesia,6.1
2010/07/20,Papua New Guinea,6.3
2010/07/18,Papua New Guinea,6.9
2010/07/18,United States,6.7
2010/07/18,Papua New Guinea,7.3
2010/07/18,United States,6.0
2010/07/14,Chile,6.6
2010/07/12,Chile,6.3
2010/07/10,United States,6.3
2010/07/04,Japan,6.3
2010/07/02,Vanuatu,6.3
2010/06/30,Mexico,6.3
2010/06/30,south of the Fiji Islands,6.4
2010/06/26,Solomon Islands,6.7
2010/06/24,Papua New Guinea,6.1
2010/06/18,Russia,6.2
2010/06/17,south of the Kermadec Islands,6.0
2010/06/16,Indonesia,6.6
2010/06/16,Indonesia,7.0
2010/06/16,Indonesia,6.2
2010/06/12,India region,7.5
2010/06/09,Vanuatu,6.0
2010/06/01,Costa Rica,6.0
2010/05/31,India,6.5
2010/05/31,Philippines,6.0
2010/05/27,Vanuatu,6.1
2010/05/27,Vanuatu,7.2
2010/05/26,Japan,6.5
2010/05/25,northern Mid-Atlantic Ridge,6.3
2010/05/24,Brazil,6.5
2010/05/23,Peru,6.1
2010/05/19,Peru,6.0
2010/05/19,Pacific-Antarctic Ridge,6.0
2010/05/19,Pacific-Antarctic Ridge,6.0
2010/05/09,Indonesia,7.2
2010/05/06,Peru,6.2
2010/05/05,Indonesia,6.5
2010/05/03,Chile,6.3
2010/05/03,Japan region,6.1
2010/04/30,Bering Sea,6.3
2010/04/30,Bering Sea,6.5
2010/04/26,Japan,6.5
2010/04/24,Indonesia,6.0
2010/04/23,Chile,6.0
2010/04/21,Tonga,6.1
2010/04/17,Papua New Guinea,6.2
2010/04/14,China,6.1
2010/04/13,China,6.9
2010/04/11,Spain,6.3
2010/04/11,Solomon Islands,6.9
2010/04/10,Tonga,6.0
2010/04/07,Papua New Guinea,6.0
2010/04/06,Indonesia,7.8
2010/04/05,Indonesia,6.2
2010/04/04,Mexico Earthquake,7.2
2010/04/02,Chile,6.0
2010/03/30,India,6.6
2010/03/28,Chile,6.0
2010/03/26,Chile,6.3
2010/03/25,Philippines,6.0
2010/03/20,Papua New Guinea,6.6
2010/03/16,Chile,6.7
2010/03/15,Chile,6.2
2010/03/14,Japan,6.5
2010/03/14,Indonesia,6.4
2010/03/11,Chile,6.0
2010/03/11,Chile,7.0
2010/03/11,Chile,6.9
2010/03/08,United States,6.1
2010/03/08,Turkey,6.1
2010/03/07,southern East Pacific Rise,6.3
2010/03/05,Indonesia,6.8
2010/03/05,Chile,6.6
2010/03/05,Chile,6.1
2010/03/04,Chile,6.0
2010/03/04,Taiwan,6.3
2010/03/04,Vanuatu,6.5
2010/03/04,Chile,6.3
2010/03/03,Chile,6.1
2010/02/28,Chile,6.2
2010/02/27,Chile,7.4
2010/02/27,Chile Earthquake,8.8
2010/02/27,Argentina,6.0
2010/02/27,Chile,6.2
2010/02/27,Chile,6.0
2010/02/27,Chile,6.0
2010/02/27,Chile,6.1
2010/02/27,Chile,6.0
2010/02/27,Argentina,6.3
2010/02/27,Chile,6.1
2010/02/27,Chile,6.2
2010/02/27,Chile,6.0
2010/02/26,Japan,7.0
2010/02/22,Tonga,6.0
2010/02/18,Russia,6.9
2010/02/15,Timor Leste,6.2
2010/02/13,Tonga,6.1
2010/02/09,Tonga,6.1
2010/02/07,Japan,6.3
2010/02/06,Kuril Islands,6.0
2010/02/05,southeast Indian Ridge,6.2
2010/02/01,Papua New Guinea,6.2
2010/01/17,Drake Passage,6.3
2010/01/12,Haiti,7.0
2010/01/12,Haiti,6.0
2010/01/10,California Earthquake,6.5
2010/01/09,Solomon Islands,6.2
2010/01/05,Solomon Islands,6.0
2010/01/05,Solomon Islands,6.8
2010/01/05,east of the South Sandwich Islands,6.8
2010/01/03,Solomon Islands,7.1
2010/01/03,Solomon Islands,6.6
2010/01/02,Mariana Islands region,6.1
